Alias Anono,alias_anono.jpg,1,0,,v,null
AmaLee,amalee.jpg,2,0,,v,null
Artemis of the Blue,,0,0,,v,null
Asteroid Music Team,asteroid_music_team.jpg,0,0,,h,null
Ayamy,ayamy.jpg,0,0,,v,null
Banzoin Hakka,banzoin_hakka.jpg,0,0,,v,null
BeriBug,beribug.jpg,0,0,,h,null
Bonnie Barkswell,bonnie_barkswell.jpg,1,0,,v,null
Callie Calico,callie_calico.jpg,1,0,,v,null
Cersea Soulstorm,cersea_soulstorm.jpg,0,0,,v,null
COQUI,coqui.jpg,1,0,,v,null
Dokibird,dokibird.jpg,1,0,,v,null
Dr. NOVA(e),dr_nova_e.jpg,1,0,,v,null
Eepy Sleepy,eepy_sleepy.jpg,1,0,,v,null
Enya Ignis,enya_ignis.jpg,0,0,,v,null
Fream,fream.jpg,0,0,,h,null
Grimmi,grimmi.jpg,0,0,,h,null
Hazumi,hazumi.jpg,1,0,,v,null
Josuiji Shinri,josuiji_shinri.jpg,0,0,,v,null
Jurard T Rexford,jurard_t_rexford.jpg,0,0,,v,null
K9 Kuro,k9_kuro.jpg,2,0,,v,null
Kiri Kilovolt,kiri_kilovolt.jpg,1,0,,v,null
Limealicious,limealicious.jpg,1,0,,v,null
Mari Mari,mari_mari.jpg,1,0,,v,null
meat,meat.jpg,1,0,,v,null
Michi Mochievee,michi_mochievee.jpg,2,0,,v,null
Nerissa Ravencroft,nerissa_ravencroft.jpg,1,0,,v,null
Nina Saotome,nina_saotome.jpg,2,0,,v,null
Nova Aokami,nova_aokami.jpg,0,0,,h,null
obkatiekat,obkatiekat.jpg,2,0,,h,null
Olivia Monroe,olivia_monroe.jpg,1,0,,v,null
PiaPiUFO,piapiufo.jpg,0,0,,v,null
PillowDear,pillowdear.jpg,0,0,,h,null
PorcelainMaid,porcelainmaid.jpg,2,0,,v,null
Projekt Melody,projekt_melody.jpg,2,0,,v,null
REM Kanashibari,rem_kanashibari.jpg,1,0,,v,null
Riki Poppet,riki_poppet.jpg,0,0,,v,null
Rin Penrose,rin_penrose.jpg,0,0,,v,null
Ruby Runeheart,ruby_runeheart.jpg,0,0,,v,null
Sam-Joe,sam_joe.png,3,0,,v,null
Shabel Tonya,shabel_tonya.jpg,0,0,,v,null
Shiori Novella,shiori_novella.jpg,2,0,,v,null
Snuffy,snuffy.jpg,1,0,,v,null
Toma,toma.jpg,0,0,,v,null
Umi Kyoku,umi_kyoku.jpg,1,0,,h,null
Vestia Zeta,vestia_zeta.jpg,2,0,,v,null
Yumi the Witch,yumi_the_witch.jpg,1,0,,v,null